id,issue_name,issue_dt,cover,issue,,,,,,,,1468,1290
1390,№ 1 (1),1999-04-02 00:00:00,,https://archivarius-public.s3.us-west-2.amazonaws.com/rima/print/scraped_printed_issue/1390/issue.pdf,,,,,,,,1458,1291
1385,№ 2 (2),1999-04-16 00:00:00,,https://archivarius-public.s3.us-west-2.amazonaws.com/rima/print/scraped_printed_issue/1385/issue.pdf,,,,,,,,1484,1292
1142,№ 3 (3),1999-04-30 00:00:00,,https://archivarius-public.s3.us-west-2.amazonaws.com/rima/print/scraped_printed_issue/1142/issue.pdf,,,,,,,,1454,1288
1232,№ 4 (4),1999-05-14 00:00:00,,https://archivarius-public.s3.us-west-2.amazonaws.com/rima/print/scraped_printed_issue/1232/issue.pdf,,,,,,,,1453,1289
1296,№ 5 (5),1999-05-28 00:00:00,,https://archivarius-public.s3.us-west-2.amazonaws.com/rima/print/scraped_printed_issue/1296/issue.pdf,,,,,,,,1460,1293
1292,№ 6 (6),1999-06-11 00:00:00,,https://archivarius-public.s3.us-west-2.amazonaws.com/rima/print/scraped_printed_issue/1292/issue.pdf,,,,,,,,1477,1294
1238,№ 7 (7),1999-06-25 00:00:00,,https://archivarius-public.s3.us-west-2.amazonaws.com/rima/print/scraped_printed_issue/1238/issue.pdf,,,,,,,,1476,1295
1102,№ 8 (8),1999-07-09 00:00:00,,https://archivarius-public.s3.us-west-2.amazonaws.com/rima/print/scraped_printed_issue/1102/issue.pdf,,,,,,,,1466,1296
1440,№ 9 (9),1999-07-23 00:00:00,,https://archivarius-public.s3.us-west-2.amazonaws.com/rima/print/scraped_printed_issue/1440/issue.pdf,,,,,,,,1473,1297
1345,№ 10–11 (10–11),1999-08-06 00:00:00,,https://archivarius-public.s3.us-west-2.amazonaws.com/rima/print/scraped_printed_issue/1345/issue.pdf,,,,,,,,1471,1298
1415,№ 12 (12),1999-09-03 00:00:00,,https://archivarius-public.s3.us-west-2.amazonaws.com/rima/print/scraped_printed_issue/1415/issue.pdf,,,,,,,,1467,1299
1143,№ 13 (13),1999-09-17 00:00:00,,https://archivarius-public.s3.us-west-2.amazonaws.com/rima/print/scraped_printed_issue/1143/issue.pdf,,,,,,,,1480,1300
1148,№ 14 (14),1999-10-01 00:00:00,,https://archivarius-public.s3.us-west-2.amazonaws.com/rima/print/scraped_printed_issue/1148/issue.pdf,,,,,,,,1482,1301
1412,№ 15 (15),1999-10-15 00:00:00,,https://archivarius-public.s3.us-west-2.amazonaws.com/rima/print/scraped_printed_issue/1412/issue.pdf,,,,,,,,1457,1302
1092,№ 16 (16),1999-10-29 00:00:00,,https://archivarius-public.s3.us-west-2.amazonaws.com/rima/print/scraped_printed_issue/1092/issue.pdf,,,,,,,,1474,1303
1372,№ 17 (17),1999-11-12 00:00:00,,https://archivarius-public.s3.us-west-2.amazonaws.com/rima/print/scraped_printed_issue/1372/issue.pdf,,,,,,,,1459,1304
1321,№ 18 (18),1999-11-26 00:00:00,,https://archivarius-public.s3.us-west-2.amazonaws.com/rima/print/scraped_printed_issue/1321/issue.pdf,,,,,,,,1461,1305
1223,№ 19 (19),1999-12-10 00:00:00,,https://archivarius-public.s3.us-west-2.amazonaws.com/rima/print/scraped_printed_issue/1223/issue.pdf,,,,,,,,1485,1306
1361,№ 20 (20),1999-12-24 00:00:00,,https://archivarius-public.s3.us-west-2.amazonaws.com/rima/print/scraped_printed_issue/1361/issue.pdf,,,,,,,,1463,1307
1185,№ 1 (21),2000-01-14 00:00:00,,https://archivarius-public.s3.us-west-2.amazonaws.com/rima/print/scraped_printed_issue/1185/issue.pdf,,,,,,,,1469,1308
1330,№ 2 (22),2000-01-28 00:00:00,,https://archivarius-public.s3.us-west-2.amazonaws.com/rima/print/scraped_printed_issue/1330/issue.pdf,,,,,,,,1472,1309
1214,№ 3 (23),2000-02-11 00:00:00,,https://archivarius-public.s3.us-west-2.amazonaws.com/rima/print/scraped_printed_issue/1214/issue.pdf,,,,,,,,1481,1310
1227,№ 4 (24),2000-02-25 00:00:00,,https://archivarius-public.s3.us-west-2.amazonaws.com/rima/print/scraped_printed_issue/1227/issue.pdf,,,,,,,,1539,1317
1319,№ 5 (25),2000-03-10 00:00:00,,https://archivarius-public.s3.us-west-2.amazonaws.com/rima/print/scraped_printed_issue/1319/issue.pdf,,,,,,,,1479,1311
1177,№ 6 (26),2000-03-24 00:00:00,,https://archivarius-public.s3.us-west-2.amazonaws.com/rima/print/scraped_printed_issue/1177/issue.pdf,,,,,,,,1470,1312
1283,№ 7 (27),2000-04-07 00:00:00,,https://archivarius-public.s3.us-west-2.amazonaws.com/rima/print/scraped_printed_issue/1283/issue.pdf,,,,,,,,1483,1313
1408,№ 8 (28),2000-04-21 00:00:00,,https://archivarius-public.s3.us-west-2.amazonaws.com/rima/print/scraped_printed_issue/1408/issue.pdf,,,,,,,,1522,1314
1153,№ 9 (29),2000-05-05 00:00:00,,https://archivarius-public.s3.us-west-2.amazonaws.com/rima/print/scraped_printed_issue/1153/issue.pdf,,,,,,,,1465,1315
1182,№ 10 (30),2000-05-19 00:00:00,,https://archivarius-public.s3.us-west-2.amazonaws.com/rima/print/scraped_printed_issue/1182/issue.pdf,,,,,,,,1540,1316
1277,№ 11 (31),2000-06-02 00:00:00,,https://archivarius-public.s3.us-west-2.amazonaws.com/rima/print/scraped_printed_issue/1277/issue.pdf,,,,,,,,1517,1318
1221,№ 12 (32),2000-06-16 00:00:00,,https://archivarius-public.s3.us-west-2.amazonaws.com/rima/print/scraped_printed_issue/1221/issue.pdf,,,,,,,,1549,1319
1324,№ 13 (33),2000-06-30 00:00:00,,https://archivarius-public.s3.us-west-2.amazonaws.com/rima/print/scraped_printed_issue/1324/issue.pdf,,,,,,,,1464,1320
1313,№ 14 (34),2000-07-14 00:00:00,,https://archivarius-public.s3.us-west-2.amazonaws.com/rima/print/scraped_printed_issue/1313/issue.pdf,,,,,,,,1478,1321
1231,№ 15 (35),2000-07-28 00:00:00,,https://archivarius-public.s3.us-west-2.amazonaws.com/rima/print/scraped_printed_issue/1231/issue.pdf,,,,,,,,,
1165,№ 16–17 (36–37),2000-08-11 00:00:00,,https://archivarius-public.s3.us-west-2.amazonaws.com/rima/print/scraped_printed_issue/1165/issue.pdf,,,,,,,,,
1145,№ 18 (38),2000-09-01 00:00:00,,https://archivarius-public.s3.us-west-2.amazonaws.com/rima/print/scraped_printed_issue/1145/issue.pdf,,,,,,,,,
1414,№ 19 (39),2000-09-15 00:00:00,,https://archivarius-public.s3.us-west-2.amazonaws.com/rima/print/scraped_printed_issue/1414/issue.pdf,,,,,,,,,
1198,№ 20 (40),2000-09-29 00:00:00,,https://archivarius-public.s3.us-west-2.amazonaws.com/rima/print/scraped_printed_issue/1198/issue.pdf,,,,,,,,,
1306,№ 21 (41),2000-10-13 00:00:00,,https://archivarius-public.s3.us-west-2.amazonaws.com/rima/print/scraped_printed_issue/1306/issue.pdf,,,,,,,,,
1252,№ 22 (42),2000-10-27 00:00:00,,https://archivarius-public.s3.us-west-2.amazonaws.com/rima/print/scraped_printed_issue/1252/issue.pdf,,,,,,,,,
1338,№ 23 (43),2000-11-10 00:00:00,,https://archivarius-public.s3.us-west-2.amazonaws.com/rima/print/scraped_printed_issue/1338/issue.pdf,,,,,,,,,
1351,№ 24 (44),2000-11-24 00:00:00,,https://archivarius-public.s3.us-west-2.amazonaws.com/rima/print/scraped_printed_issue/1351/issue.pdf,,,,,,,,,
1245,№ 25 (45),2000-12-08 00:00:00,,https://archivarius-public.s3.us-west-2.amazonaws.com/rima/print/scraped_printed_issue/1245/issue.pdf,,,,,,,,,
1291,№ 26 (46),2000-12-22 00:00:00,,https://archivarius-public.s3.us-west-2.amazonaws.com/rima/print/scraped_printed_issue/1291/issue.pdf,,,,,,,,,
1181,№ 1 (47),2001-01-19 00:00:00,,https://archivarius-public.s3.us-west-2.amazonaws.com/rima/print/scraped_printed_issue/1181/issue.pdf,,,,,,,,,
1155,№ 2 (48),2001-02-02 00:00:00,,https://archivarius-public.s3.us-west-2.amazonaws.com/rima/print/scraped_printed_issue/1155/issue.pdf,,,,,,,,,
1447,№ 3 (49),2001-02-16 00:00:00,,https://archivarius-public.s3.us-west-2.amazonaws.com/rima/print/scraped_printed_issue/1447/issue.pdf,,,,,,,,,
1180,№ 4 (50),2001-03-02 00:00:00,,https://archivarius-public.s3.us-west-2.amazonaws.com/rima/print/scraped_printed_issue/1180/issue.pdf,,,,,,,,,
1281,№ 5 (51),2001-03-16 00:00:00,,https://archivarius-public.s3.us-west-2.amazonaws.com/rima/print/scraped_printed_issue/1281/issue.pdf,,,,,,,,,
1219,№ 6 (52),2001-03-30 00:00:00,,https://archivarius-public.s3.us-west-2.amazonaws.com/rima/print/scraped_printed_issue/1219/issue.pdf,,,,,,,,,
1327,№ 7 (53),2001-04-13 00:00:00,,https://archivarius-public.s3.us-west-2.amazonaws.com/rima/print/scraped_printed_issue/1327/issue.pdf,,,,,,,,,
1154,№ 8 (54),2001-04-27 00:00:00,,https://archivarius-public.s3.us-west-2.amazonaws.com/rima/print/scraped_printed_issue/1154/issue.pdf,,,,,,,,,
1407,№ 9 (55),2001-05-11 00:00:00,,https://archivarius-public.s3.us-west-2.amazonaws.com/rima/print/scraped_printed_issue/1407/issue.pdf,,,,,,,,,
1189,№ 10 (56),2001-05-25 00:00:00,,https://archivarius-public.s3.us-west-2.amazonaws.com/rima/print/scraped_printed_issue/1189/issue.pdf,,,,,,,,,
1275,№ 11 (57),2001-06-08 00:00:00,,https://archivarius-public.s3.us-west-2.amazonaws.com/rima/print/scraped_printed_issue/1275/issue.pdf,,,,,,,,,
1484,№ 12 (58),2001-06-22 00:00:00,,https://archivarius-public.s3.us-west-2.amazonaws.com/rima/print/scraped_printed_issue/1484/issue.pdf,,,,,,,,,
1159,№ 13 (59),2001-07-06 00:00:00,,https://archivarius-public.s3.us-west-2.amazonaws.com/rima/print/scraped_printed_issue/1159/issue.pdf,,,,,,,,,
1110,№ 14 (60),2001-07-20 00:00:00,,https://archivarius-public.s3.us-west-2.amazonaws.com/rima/print/scraped_printed_issue/1110/issue.pdf,,,,,,,,,
1356,№ 15 (61),2001-08-03 00:00:00,,https://archivarius-public.s3.us-west-2.amazonaws.com/rima/print/scraped_printed_issue/1356/issue.pdf,,,,,,,,,
1133,№ 16 (62),2001-08-17 00:00:00,,https://archivarius-public.s3.us-west-2.amazonaws.com/rima/print/scraped_printed_issue/1133/issue.pdf,,,,,,,,,
1421,№ 17 (63),2001-08-31 00:00:00,,https://archivarius-public.s3.us-west-2.amazonaws.com/rima/print/scraped_printed_issue/1421/issue.pdf,,,,,,,,,
1224,№ 18 (64),2001-09-14 00:00:00,,https://archivarius-public.s3.us-west-2.amazonaws.com/rima/print/scraped_printed_issue/1224/issue.pdf,,,,,,,,,
1320,№ 19 (65),2001-09-28 00:00:00,,https://archivarius-public.s3.us-west-2.amazonaws.com/rima/print/scraped_printed_issue/1320/issue.pdf,,,,,,,,,
1192,№ 20 (66),2001-10-12 00:00:00,,https://archivarius-public.s3.us-west-2.amazonaws.com/rima/print/scraped_printed_issue/1192/issue.pdf,,,,,,,,,
1269,№ 21 (67),2001-10-26 00:00:00,,https://archivarius-public.s3.us-west-2.amazonaws.com/rima/print/scraped_printed_issue/1269/issue.pdf,,,,,,,,,
1441,№ 22 (68),2001-11-09 00:00:00,,https://archivarius-public.s3.us-west-2.amazonaws.com/rima/print/scraped_printed_issue/1441/issue.pdf,,,,,,,,,
1162,№ 23 (69),2001-11-23 00:00:00,,https://archivarius-public.s3.us-west-2.amazonaws.com/rima/print/scraped_printed_issue/1162/issue.pdf,,,,,,,,,
1271,№ 24 (70),2001-12-07 00:00:00,,https://archivarius-public.s3.us-west-2.amazonaws.com/rima/print/scraped_printed_issue/1271/issue.pdf,,,,,,,,,
1184,№ 25 (71),2001-12-21 00:00:00,,https://archivarius-public.s3.us-west-2.amazonaws.com/rima/print/scraped_printed_issue/1184/issue.pdf,,,,,,,,,
1276,№ 1 (72),2002-01-18 00:00:00,,https://archivarius-public.s3.us-west-2.amazonaws.com/rima/print/scraped_printed_issue/1276/issue.pdf,,,,,,,,,
1278,№ 2 (73),2002-02-01 00:00:00,,https://archivarius-public.s3.us-west-2.amazonaws.com/rima/print/scraped_printed_issue/1278/issue.pdf,,,,,,,,,
1401,№ 3 (74),2002-02-15 00:00:00,,https://archivarius-public.s3.us-west-2.amazonaws.com/rima/print/scraped_printed_issue/1401/issue.pdf,,,,,,,,,
1235,№ 4 (76),2002-03-01 00:00:00,,https://archivarius-public.s3.us-west-2.amazonaws.com/rima/print/scraped_printed_issue/1235/issue.pdf,,,,,,,,,
1196,№ 5 (76),2002-03-15 00:00:00,,https://archivarius-public.s3.us-west-2.amazonaws.com/rima/print/scraped_printed_issue/1196/issue.pdf,,,,,,,,,
1469,№ 6 (77),2002-03-29 00:00:00,,https://archivarius-public.s3.us-west-2.amazonaws.com/rima/print/scraped_printed_issue/1469/issue.pdf,,,,,,,,,
1393,№ 7 (78),2002-04-12 00:00:00,,https://archivarius-public.s3.us-west-2.amazonaws.com/rima/print/scraped_printed_issue/1393/issue.pdf,,,,,,,,,
1367,№ 8 (79),2002-04-26 00:00:00,,https://archivarius-public.s3.us-west-2.amazonaws.com/rima/print/scraped_printed_issue/1367/issue.pdf,,,,,,,,,
1161,№ 9 (80),2002-05-10 00:00:00,,https://archivarius-public.s3.us-west-2.amazonaws.com/rima/print/scraped_printed_issue/1161/issue.pdf,,,,,,,,,
1254,№ 10 (81),2002-05-24 00:00:00,,https://archivarius-public.s3.us-west-2.amazonaws.com/rima/print/scraped_printed_issue/1254/issue.pdf,,,,,,,,,
1200,№ 11 (82),2002-06-07 00:00:00,,https://archivarius-public.s3.us-west-2.amazonaws.com/rima/print/scraped_printed_issue/1200/issue.pdf,,,,,,,,,
1199,№ 12 (83),2002-06-21 00:00:00,,https://archivarius-public.s3.us-west-2.amazonaws.com/rima/print/scraped_printed_issue/1199/issue.pdf,,,,,,,,,
1113,№ 13 (84),2002-07-05 00:00:00,,https://archivarius-public.s3.us-west-2.amazonaws.com/rima/print/scraped_printed_issue/1113/issue.pdf,,,,,,,,,
1294,№ 14 (85),2002-07-19 00:00:00,,https://archivarius-public.s3.us-west-2.amazonaws.com/rima/print/scraped_printed_issue/1294/issue.pdf,,,,,,,,,
1348,№ 15 (86),2002-08-02 00:00:00,,https://archivarius-public.s3.us-west-2.amazonaws.com/rima/print/scraped_printed_issue/1348/issue.pdf,,,,,,,,,
1352,№ 16 (87),2002-08-30 00:00:00,,https://archivarius-public.s3.us-west-2.amazonaws.com/rima/print/scraped_printed_issue/1352/issue.pdf,,,,,,,,,
1108,№ 17 (88),2002-09-13 00:00:00,,https://archivarius-public.s3.us-west-2.amazonaws.com/rima/print/scraped_printed_issue/1108/issue.pdf,,,,,,,,,
1125,№ 18 (89),2002-09-27 00:00:00,,https://archivarius-public.s3.us-west-2.amazonaws.com/rima/print/scraped_printed_issue/1125/issue.pdf,,,,,,,,,
1449,№ 19 (90),2002-10-11 00:00:00,,https://archivarius-public.s3.us-west-2.amazonaws.com/rima/print/scraped_printed_issue/1449/issue.pdf,,,,,,,,,
1430,№ 20 (91),2002-10-25 00:00:00,,https://archivarius-public.s3.us-west-2.amazonaws.com/rima/print/scraped_printed_issue/1430/issue.pdf,,,,,,,,,
1388,№ 21 (92),2002-11-08 00:00:00,,https://archivarius-public.s3.us-west-2.amazonaws.com/rima/print/scraped_printed_issue/1388/issue.pdf,,,,,,,,,
1384,№ 22 (93),2002-11-22 00:00:00,,https://archivarius-public.s3.us-west-2.amazonaws.com/rima/print/scraped_printed_issue/1384/issue.pdf,,,,,,,,,
1274,№ 23 (94),2002-12-06 00:00:00,,https://archivarius-public.s3.us-west-2.amazonaws.com/rima/print/scraped_printed_issue/1274/issue.pdf,,,,,,,,,
1128,№ 24 (95),2002-12-20 00:00:00,,https://archivarius-public.s3.us-west-2.amazonaws.com/rima/print/scraped_printed_issue/1128/issue.pdf,,,,,,,,,
1417,№ 1 (96),2003-01-17 00:00:00,,https://archivarius-public.s3.us-west-2.amazonaws.com/rima/print/scraped_printed_issue/1417/issue.pdf,,,,,,,,,
1418,№ 2 (97),2003-01-31 00:00:00,,https://archivarius-public.s3.us-west-2.amazonaws.com/rima/print/scraped_printed_issue/1418/issue.pdf,,,,,,,,,
1207,№ 3 (98),2003-02-14 00:00:00,,https://archivarius-public.s3.us-west-2.amazonaws.com/rima/print/scraped_printed_issue/1207/issue.pdf,,,,,,,,,
1357,№ 4 (99),2003-02-28 00:00:00,,https://archivarius-public.s3.us-west-2.amazonaws.com/rima/print/scraped_printed_issue/1357/issue.pdf,,,,,,,,,
1220,№ 5 (100),2003-03-14 00:00:00,,https://archivarius-public.s3.us-west-2.amazonaws.com/rima/print/scraped_printed_issue/1220/issue.pdf,,,,,,,,,
1395,№ 6 (101),2003-03-28 00:00:00,,https://archivarius-public.s3.us-west-2.amazonaws.com/rima/print/scraped_printed_issue/1395/issue.pdf,,,,,,,,,
1302,№ 7 (102),2003-04-11 00:00:00,,https://archivarius-public.s3.us-west-2.amazonaws.com/rima/print/scraped_printed_issue/1302/issue.pdf,,,,,,,,,
1402,№ 8 (103),2003-04-25 00:00:00,,https://archivarius-public.s3.us-west-2.amazonaws.com/rima/print/scraped_printed_issue/1402/issue.pdf,,,,,,,,,
1420,№ 9 (104),2003-05-09 00:00:00,,https://archivarius-public.s3.us-west-2.amazonaws.com/rima/print/scraped_printed_issue/1420/issue.pdf,,,,,,,,,
1237,№ 10 (105),2003-05-23 00:00:00,,https://archivarius-public.s3.us-west-2.amazonaws.com/rima/print/scraped_printed_issue/1237/issue.pdf,,,,,,,,,
1146,№ 11 (106),2003-06-06 00:00:00,,https://archivarius-public.s3.us-west-2.amazonaws.com/rima/print/scraped_printed_issue/1146/issue.pdf,,,,,,,,,
1293,№ 12 (107),2003-06-20 00:00:00,,https://archivarius-public.s3.us-west-2.amazonaws.com/rima/print/scraped_printed_issue/1293/issue.pdf,,,,,,,,,
1191,№ 13 (108),2003-07-04 00:00:00,,https://archivarius-public.s3.us-west-2.amazonaws.com/rima/print/scraped_printed_issue/1191/issue.pdf,,,,,,,,,
1371,№ 14 (109),2003-07-18 00:00:00,,https://archivarius-public.s3.us-west-2.amazonaws.com/rima/print/scraped_printed_issue/1371/issue.pdf,,,,,,,,,
1170,№ 15 (110),2003-08-01 00:00:00,,https://archivarius-public.s3.us-west-2.amazonaws.com/rima/print/scraped_printed_issue/1170/issue.pdf,,,,,,,,,
1439,№ 16 (111),2003-08-29 00:00:00,,https://archivarius-public.s3.us-west-2.amazonaws.com/rima/print/scraped_printed_issue/1439/issue.pdf,,,,,,,,,
1350,№ 17 (112),2003-09-12 00:00:00,,https://archivarius-public.s3.us-west-2.amazonaws.com/rima/print/scraped_printed_issue/1350/issue.pdf,,,,,,,,,
1442,№ 18 (113),2003-09-26 00:00:00,,https://archivarius-public.s3.us-west-2.amazonaws.com/rima/print/scraped_printed_issue/1442/issue.pdf,,,,,,,,,
1364,№ 19 (114),2003-10-10 00:00:00,,https://archivarius-public.s3.us-west-2.amazonaws.com/rima/print/scraped_printed_issue/1364/issue.pdf,,,,,,,,,
1097,№ 20 (115),2003-10-24 00:00:00,,https://archivarius-public.s3.us-west-2.amazonaws.com/rima/print/scraped_printed_issue/1097/issue.pdf,,,,,,,,,
1169,№ 21 (116),2003-11-07 00:00:00,,https://archivarius-public.s3.us-west-2.amazonaws.com/rima/print/scraped_printed_issue/1169/issue.pdf,,,,,,,,,
1446,№ 22 (117),2003-11-21 00:00:00,,https://archivarius-public.s3.us-west-2.amazonaws.com/rima/print/scraped_printed_issue/1446/issue.pdf,,,,,,,,,
1139,№ 23 (118),2003-12-05 00:00:00,,https://archivarius-public.s3.us-west-2.amazonaws.com/rima/print/scraped_printed_issue/1139/issue.pdf,,,,,,,,,
1317,№ 24 (119),2003-12-19 00:00:00,,https://archivarius-public.s3.us-west-2.amazonaws.com/rima/print/scraped_printed_issue/1317/issue.pdf,,,,,,,,,
1379,№ 1 (120),2004-01-16 00:00:00,,https://archivarius-public.s3.us-west-2.amazonaws.com/rima/print/scraped_printed_issue/1379/issue.pdf,,,,,,,,,
1225,№ 2 (121),2004-01-30 00:00:00,,https://archivarius-public.s3.us-west-2.amazonaws.com/rima/print/scraped_printed_issue/1225/issue.pdf,,,,,,,,,
1152,№ 3 (122),2004-02-13 00:00:00,,https://archivarius-public.s3.us-west-2.amazonaws.com/rima/print/scraped_printed_issue/1152/issue.pdf,,,,,,,,,
1328,№ 4 (123),2004-02-27 00:00:00,,https://archivarius-public.s3.us-west-2.amazonaws.com/rima/print/scraped_printed_issue/1328/issue.pdf,,,,,,,,,
1472,№ 5 (124),2004-03-12 00:00:00,,https://archivarius-public.s3.us-west-2.amazonaws.com/rima/print/scraped_printed_issue/1472/issue.pdf,,,,,,,,,
1137,№ 6 (125),2004-03-26 00:00:00,,https://archivarius-public.s3.us-west-2.amazonaws.com/rima/print/scraped_printed_issue/1137/issue.pdf,,,,,,,,,
1215,№ 7 (126),2004-04-09 00:00:00,,https://archivarius-public.s3.us-west-2.amazonaws.com/rima/print/scraped_printed_issue/1215/issue.pdf,,,,,,,,,
1140,№ 8 (127),2004-04-23 00:00:00,,https://archivarius-public.s3.us-west-2.amazonaws.com/rima/print/scraped_printed_issue/1140/issue.pdf,,,,,,,,,
1435,№ 9 (128),2004-05-07 00:00:00,,https://archivarius-public.s3.us-west-2.amazonaws.com/rima/print/scraped_printed_issue/1435/issue.pdf,,,,,,,,,
1259,№ 10 (129),2004-05-21 00:00:00,,https://archivarius-public.s3.us-west-2.amazonaws.com/rima/print/scraped_printed_issue/1259/issue.pdf,,,,,,,,,
1434,№ 11 (130),2004-06-04 00:00:00,,https://archivarius-public.s3.us-west-2.amazonaws.com/rima/print/scraped_printed_issue/1434/issue.pdf,,,,,,,,,
1188,№ 12 (131),2004-06-18 00:00:00,,https://archivarius-public.s3.us-west-2.amazonaws.com/rima/print/scraped_printed_issue/1188/issue.pdf,,,,,,,,,
1105,№ 13 (132),2004-07-02 00:00:00,,https://archivarius-public.s3.us-west-2.amazonaws.com/rima/print/scraped_printed_issue/1105/issue.pdf,,,,,,,,,
1282,№ 14 (133),2004-07-16 00:00:00,,https://archivarius-public.s3.us-west-2.amazonaws.com/rima/print/scraped_printed_issue/1282/issue.pdf,,,,,,,,,
1343,№ 15 (134),2004-07-30 00:00:00,,https://archivarius-public.s3.us-west-2.amazonaws.com/rima/print/scraped_printed_issue/1343/issue.pdf,,,,,,,,,
1090,№ 16 (135),2004-08-27 00:00:00,,https://archivarius-public.s3.us-west-2.amazonaws.com/rima/print/scraped_printed_issue/1090/issue.pdf,,,,,,,,,
1172,№ 17 (136),2004-09-10 00:00:00,,https://archivarius-public.s3.us-west-2.amazonaws.com/rima/print/scraped_printed_issue/1172/issue.pdf,,,,,,,,,
1093,№ 18 (137),2004-09-24 00:00:00,,https://archivarius-public.s3.us-west-2.amazonaws.com/rima/print/scraped_printed_issue/1093/issue.pdf,,,,,,,,,
1400,№ 19 (138),2004-10-08 00:00:00,,https://archivarius-public.s3.us-west-2.amazonaws.com/rima/print/scraped_printed_issue/1400/issue.pdf,,,,,,,,,
1116,№ 20 (139),2004-10-22 00:00:00,,https://archivarius-public.s3.us-west-2.amazonaws.com/rima/print/scraped_printed_issue/1116/issue.pdf,,,,,,,,,
1111,№ 21 (140),2004-11-05 00:00:00,,https://archivarius-public.s3.us-west-2.amazonaws.com/rima/print/scraped_printed_issue/1111/issue.pdf,,,,,,,,,
1335,№ 22 (141),2004-11-19 00:00:00,,https://archivarius-public.s3.us-west-2.amazonaws.com/rima/print/scraped_printed_issue/1335/issue.pdf,,,,,,,,,
1424,№ 23 (142),2004-12-03 00:00:00,,https://archivarius-public.s3.us-west-2.amazonaws.com/rima/print/scraped_printed_issue/1424/issue.pdf,,,,,,,,,
1240,№ 24 (143),2004-12-17 00:00:00,,https://archivarius-public.s3.us-west-2.amazonaws.com/rima/print/scraped_printed_issue/1240/issue.pdf,,,,,,,,,
1160,№ 1 (144),2005-01-14 00:00:00,,https://archivarius-public.s3.us-west-2.amazonaws.com/rima/print/scraped_printed_issue/1160/issue.pdf,,,,,,,,,
1289,№ 2 (145),2005-01-28 00:00:00,,https://archivarius-public.s3.us-west-2.amazonaws.com/rima/print/scraped_printed_issue/1289/issue.pdf,,,,,,,,,
1363,№ 3 (146),2005-02-11 00:00:00,,https://archivarius-public.s3.us-west-2.amazonaws.com/rima/print/scraped_printed_issue/1363/issue.pdf,,,,,,,,,
1179,№ 4 (147),2005-02-25 00:00:00,,https://archivarius-public.s3.us-west-2.amazonaws.com/rima/print/scraped_printed_issue/1179/issue.pdf,,,,,,,,,
1301,№ 5 (148),2005-03-11 00:00:00,,https://archivarius-public.s3.us-west-2.amazonaws.com/rima/print/scraped_printed_issue/1301/issue.pdf,,,,,,,,,
1151,№ 6 (149),2005-03-25 00:00:00,,https://archivarius-public.s3.us-west-2.amazonaws.com/rima/print/scraped_printed_issue/1151/issue.pdf,,,,,,,,,
1312,№ 7 (150),2005-04-08 00:00:00,,https://archivarius-public.s3.us-west-2.amazonaws.com/rima/print/scraped_printed_issue/1312/issue.pdf,,,,,,,,,
1481,№ 8 (151),2005-04-22 00:00:00,,https://archivarius-public.s3.us-west-2.amazonaws.com/rima/print/scraped_printed_issue/1481/issue.pdf,,,,,,,,,
1314,№ 9 (152),2005-05-06 00:00:00,,https://archivarius-public.s3.us-west-2.amazonaws.com/rima/print/scraped_printed_issue/1314/issue.pdf,,,,,,,,,
1131,№ 10 (153),2005-05-20 00:00:00,,https://archivarius-public.s3.us-west-2.amazonaws.com/rima/print/scraped_printed_issue/1131/issue.pdf,,,,,,,,,
1119,№ 11 (154),2005-06-03 00:00:00,,https://archivarius-public.s3.us-west-2.amazonaws.com/rima/print/scraped_printed_issue/1119/issue.pdf,,,,,,,,,
1322,№ 12 (155),2005-06-17 00:00:00,,https://archivarius-public.s3.us-west-2.amazonaws.com/rima/print/scraped_printed_issue/1322/issue.pdf,,,,,,,,,
1419,№ 13 (156),2005-07-01 00:00:00,,https://archivarius-public.s3.us-west-2.amazonaws.com/rima/print/scraped_printed_issue/1419/issue.pdf,,,,,,,,,
1234,№ 14 (157),2005-07-15 00:00:00,,https://archivarius-public.s3.us-west-2.amazonaws.com/rima/print/scraped_printed_issue/1234/issue.pdf,,,,,,,,,
1334,№ 15 (158),2005-07-29 00:00:00,,https://archivarius-public.s3.us-west-2.amazonaws.com/rima/print/scraped_printed_issue/1334/issue.pdf,,,,,,,,,
1106,№ 16 (159),2005-08-26 00:00:00,,https://archivarius-public.s3.us-west-2.amazonaws.com/rima/print/scraped_printed_issue/1106/issue.pdf,,,,,,,,,
1109,№ 17 (160),2005-09-09 00:00:00,,https://archivarius-public.s3.us-west-2.amazonaws.com/rima/print/scraped_printed_issue/1109/issue.pdf,,,,,,,,,
1187,№ 18 (161),2005-09-23 00:00:00,,https://archivarius-public.s3.us-west-2.amazonaws.com/rima/print/scraped_printed_issue/1187/issue.pdf,,,,,,,,,
1458,№ 19 (162),2005-10-07 00:00:00,,https://archivarius-public.s3.us-west-2.amazonaws.com/rima/print/scraped_printed_issue/1458/issue.pdf,,,,,,,,,
1358,№ 20 (163),2005-10-21 00:00:00,,https://archivarius-public.s3.us-west-2.amazonaws.com/rima/print/scraped_printed_issue/1358/issue.pdf,,,,,,,,,
1433,№ 21 (164),2005-11-04 00:00:00,,https://archivarius-public.s3.us-west-2.amazonaws.com/rima/print/scraped_printed_issue/1433/issue.pdf,,,,,,,,,
1186,№ 22 (165),2005-11-18 00:00:00,,https://archivarius-public.s3.us-west-2.amazonaws.com/rima/print/scraped_printed_issue/1186/issue.pdf,,,,,,,,,
1103,№ 23 (166),2005-12-02 00:00:00,,https://archivarius-public.s3.us-west-2.amazonaws.com/rima/print/scraped_printed_issue/1103/issue.pdf,,,,,,,,,
1284,№ 24 (167),2005-12-16 00:00:00,,https://archivarius-public.s3.us-west-2.amazonaws.com/rima/print/scraped_printed_issue/1284/issue.pdf,,,,,,,,,
1135,№ 1 (168),2006-01-13 00:00:00,,https://archivarius-public.s3.us-west-2.amazonaws.com/rima/print/scraped_printed_issue/1135/issue.pdf,,,,,,,,,
1304,№ 2 (169),2006-01-27 00:00:00,,https://archivarius-public.s3.us-west-2.amazonaws.com/rima/print/scraped_printed_issue/1304/issue.pdf,,,,,,,,,
1120,№ 3 (170),2006-02-10 00:00:00,,https://archivarius-public.s3.us-west-2.amazonaws.com/rima/print/scraped_printed_issue/1120/issue.pdf,,,,,,,,,
1299,№ 4 (171),2006-02-24 00:00:00,,https://archivarius-public.s3.us-west-2.amazonaws.com/rima/print/scraped_printed_issue/1299/issue.pdf,,,,,,,,,
1373,№ 5 (172),2006-03-10 00:00:00,,https://archivarius-public.s3.us-west-2.amazonaws.com/rima/print/scraped_printed_issue/1373/issue.pdf,,,,,,,,,
1228,№ 6 (173),2006-03-24 00:00:00,,https://archivarius-public.s3.us-west-2.amazonaws.com/rima/print/scraped_printed_issue/1228/issue.pdf,,,,,,,,,
1203,№ 7 (174),2006-04-07 00:00:00,,https://archivarius-public.s3.us-west-2.amazonaws.com/rima/print/scraped_printed_issue/1203/issue.pdf,,,,,,,,,
1130,№ 8 (175),2006-04-21 00:00:00,,https://archivarius-public.s3.us-west-2.amazonaws.com/rima/print/scraped_printed_issue/1130/issue.pdf,,,,,,,,,
1206,№ 9 (176),2006-05-05 00:00:00,,https://archivarius-public.s3.us-west-2.amazonaws.com/rima/print/scraped_printed_issue/1206/issue.pdf,,,,,,,,,
1386,№ 10 (177),2006-05-19 00:00:00,,https://archivarius-public.s3.us-west-2.amazonaws.com/rima/print/scraped_printed_issue/1386/issue.pdf,,,,,,,,,
1099,№ 11 (178),2006-06-02 00:00:00,,https://archivarius-public.s3.us-west-2.amazonaws.com/rima/print/scraped_printed_issue/1099/issue.pdf,,,,,,,,,
1347,№ 12 (179),2006-06-16 00:00:00,,https://archivarius-public.s3.us-west-2.amazonaws.com/rima/print/scraped_printed_issue/1347/issue.pdf,,,,,,,,,
1144,№ 13 (180),2006-06-30 00:00:00,,https://archivarius-public.s3.us-west-2.amazonaws.com/rima/print/scraped_printed_issue/1144/issue.pdf,,,,,,,,,
1325,№ 14 (181),2006-07-14 00:00:00,,https://archivarius-public.s3.us-west-2.amazonaws.com/rima/print/scraped_printed_issue/1325/issue.pdf,,,,,,,,,
1422,№ 15 (182),2006-07-28 00:00:00,,https://archivarius-public.s3.us-west-2.amazonaws.com/rima/print/scraped_printed_issue/1422/issue.pdf,,,,,,,,,
1202,№ 16 (183),2006-08-25 00:00:00,,https://archivarius-public.s3.us-west-2.amazonaws.com/rima/print/scraped_printed_issue/1202/issue.pdf,,,,,,,,,
1218,№ 17 (184),2006-09-08 00:00:00,,https://archivarius-public.s3.us-west-2.amazonaws.com/rima/print/scraped_printed_issue/1218/issue.pdf,,,,,,,,,
1136,№ 18 (185),2006-09-22 00:00:00,,https://archivarius-public.s3.us-west-2.amazonaws.com/rima/print/scraped_printed_issue/1136/issue.pdf,,,,,,,,,
1222,№ 19 (186),2006-10-06 00:00:00,,https://archivarius-public.s3.us-west-2.amazonaws.com/rima/print/scraped_printed_issue/1222/issue.pdf,,,,,,,,,
1326,№ 20 (187),2006-10-20 00:00:00,,https://archivarius-public.s3.us-west-2.amazonaws.com/rima/print/scraped_printed_issue/1326/issue.pdf,,,,,,,,,
1246,№ 21 (188),2006-11-03 00:00:00,,https://archivarius-public.s3.us-west-2.amazonaws.com/rima/print/scraped_printed_issue/1246/issue.pdf,,,,,,,,,
1369,№ 22 (189),2006-11-17 00:00:00,,https://archivarius-public.s3.us-west-2.amazonaws.com/rima/print/scraped_printed_issue/1369/issue.pdf,,,,,,,,,
1171,№ 23 (190),2006-12-01 00:00:00,,https://archivarius-public.s3.us-west-2.amazonaws.com/rima/print/scraped_printed_issue/1171/issue.pdf,,,,,,,,,
1478,№ 24 (191),2006-12-15 00:00:00,,https://archivarius-public.s3.us-west-2.amazonaws.com/rima/print/scraped_printed_issue/1478/issue.pdf,,,,,,,,,
1428,№ 1 (192),2007-01-12 00:00:00,,https://archivarius-public.s3.us-west-2.amazonaws.com/rima/print/scraped_printed_issue/1428/issue.pdf,,,,,,,,,
1178,№ 2 (193),2007-01-26 00:00:00,,https://archivarius-public.s3.us-west-2.amazonaws.com/rima/print/scraped_printed_issue/1178/issue.pdf,,,,,,,,,
1257,№ 3 (194),2007-02-09 00:00:00,,https://archivarius-public.s3.us-west-2.amazonaws.com/rima/print/scraped_printed_issue/1257/issue.pdf,,,,,,,,,
1445,№ 4 (195),2007-02-23 00:00:00,,https://archivarius-public.s3.us-west-2.amazonaws.com/rima/print/scraped_printed_issue/1445/issue.pdf,,,,,,,,,
1355,№ 5 (196),2007-03-09 00:00:00,,https://archivarius-public.s3.us-west-2.amazonaws.com/rima/print/scraped_printed_issue/1355/issue.pdf,,,,,,,,,
1098,№ 6 (197),2007-03-23 00:00:00,,https://archivarius-public.s3.us-west-2.amazonaws.com/rima/print/scraped_printed_issue/1098/issue.pdf,,,,,,,,,
1394,№ 7 (198),2007-04-06 00:00:00,,https://archivarius-public.s3.us-west-2.amazonaws.com/rima/print/scraped_printed_issue/1394/issue.pdf,,,,,,,,,
1308,№ 8 (199),2007-04-20 00:00:00,,https://archivarius-public.s3.us-west-2.amazonaws.com/rima/print/scraped_printed_issue/1308/issue.pdf,,,,,,,,,
1258,№ 9 (200),2007-05-04 00:00:00,,https://archivarius-public.s3.us-west-2.amazonaws.com/rima/print/scraped_printed_issue/1258/issue.pdf,,,,,,,,,
1438,№ 10 (201),2007-05-18 00:00:00,,https://archivarius-public.s3.us-west-2.amazonaws.com/rima/print/scraped_printed_issue/1438/issue.pdf,,,,,,,,,
1349,№ 11 (202),2007-06-01 00:00:00,,https://archivarius-public.s3.us-west-2.amazonaws.com/rima/print/scraped_printed_issue/1349/issue.pdf,,,,,,,,,
1100,№ 12 (203),2007-06-15 00:00:00,,https://archivarius-public.s3.us-west-2.amazonaws.com/rima/print/scraped_printed_issue/1100/issue.pdf,,,,,,,,,
1158,№ 13 (204),2007-06-29 00:00:00,,https://archivarius-public.s3.us-west-2.amazonaws.com/rima/print/scraped_printed_issue/1158/issue.pdf,,,,,,,,,
1336,№ 14 (205),2007-07-13 00:00:00,,https://archivarius-public.s3.us-west-2.amazonaws.com/rima/print/scraped_printed_issue/1336/issue.pdf,,,,,,,,,
1427,№ 15 (206),2007-07-27 00:00:00,,https://archivarius-public.s3.us-west-2.amazonaws.com/rima/print/scraped_printed_issue/1427/issue.pdf,,,,,,,,,
1183,№ 16 (207),2007-08-24 00:00:00,,https://archivarius-public.s3.us-west-2.amazonaws.com/rima/print/scraped_printed_issue/1183/issue.pdf,,,,,,,,,
1300,№ 17 (208),2007-09-07 00:00:00,,https://archivarius-public.s3.us-west-2.amazonaws.com/rima/print/scraped_printed_issue/1300/issue.pdf,,,,,,,,,
1378,№ 18 (209),2007-09-21 00:00:00,,https://archivarius-public.s3.us-west-2.amazonaws.com/rima/print/scraped_printed_issue/1378/issue.pdf,,,,,,,,,
1212,№ 19 (210),2007-10-05 00:00:00,,https://archivarius-public.s3.us-west-2.amazonaws.com/rima/print/scraped_printed_issue/1212/issue.pdf,,,,,,,,,
1295,№ 20 (211),2007-10-19 00:00:00,,https://archivarius-public.s3.us-west-2.amazonaws.com/rima/print/scraped_printed_issue/1295/issue.pdf,,,,,,,,,
1479,№ 21 (212),2007-11-02 00:00:00,,https://archivarius-public.s3.us-west-2.amazonaws.com/rima/print/scraped_printed_issue/1479/issue.pdf,,,,,,,,,
1230,№ 22 (213),2007-11-16 00:00:00,,https://archivarius-public.s3.us-west-2.amazonaws.com/rima/print/scraped_printed_issue/1230/issue.pdf,,,,,,,,,
1468,№ 23 (214),2007-11-30 00:00:00,,https://archivarius-public.s3.us-west-2.amazonaws.com/rima/print/scraped_printed_issue/1468/issue.pdf,,,,,,,,,
1404,№ 24 (215),2007-12-14 00:00:00,,https://archivarius-public.s3.us-west-2.amazonaws.com/rima/print/scraped_printed_issue/1404/issue.pdf,,,,,,,,,
1307,№ 25 (216),2007-12-28 00:00:00,,https://archivarius-public.s3.us-west-2.amazonaws.com/rima/print/scraped_printed_issue/1307/issue.pdf,,,,,,,,,
1129,№ 1 (217),2008-01-25 00:00:00,,https://archivarius-public.s3.us-west-2.amazonaws.com/rima/print/scraped_printed_issue/1129/issue.pdf,,,,,,,,,
1396,№ 2 (218),2008-02-08 00:00:00,,https://archivarius-public.s3.us-west-2.amazonaws.com/rima/print/scraped_printed_issue/1396/issue.pdf,,,,,,,,,
1263,№ 3 (219),2008-02-22 00:00:00,,https://archivarius-public.s3.us-west-2.amazonaws.com/rima/print/scraped_printed_issue/1263/issue.pdf,,,,,,,,,
1210,№ 4 (220),2008-03-07 00:00:00,,https://archivarius-public.s3.us-west-2.amazonaws.com/rima/print/scraped_printed_issue/1210/issue.pdf,,,,,,,,,
1437,№ 5 (221),2008-03-21 00:00:00,,https://archivarius-public.s3.us-west-2.amazonaws.com/rima/print/scraped_printed_issue/1437/issue.pdf,,,,,,,,,
1311,№ 6 (222),2008-04-04 00:00:00,,https://archivarius-public.s3.us-west-2.amazonaws.com/rima/print/scraped_printed_issue/1311/issue.pdf,,,,,,,,,
1101,№ 7 (223),2008-04-18 00:00:00,,https://archivarius-public.s3.us-west-2.amazonaws.com/rima/print/scraped_printed_issue/1101/issue.pdf,,,,,,,,,
1381,№ 8 (224),2008-05-02 00:00:00,,https://archivarius-public.s3.us-west-2.amazonaws.com/rima/print/scraped_printed_issue/1381/issue.pdf,,,,,,,,,
1241,№ 9 (225),2008-05-16 00:00:00,,https://archivarius-public.s3.us-west-2.amazonaws.com/rima/print/scraped_printed_issue/1241/issue.pdf,,,,,,,,,
1118,№ 10 (226),2008-05-30 00:00:00,,https://archivarius-public.s3.us-west-2.amazonaws.com/rima/print/scraped_printed_issue/1118/issue.pdf,,,,,,,,,
1337,№ 11 (227),2008-06-13 00:00:00,,https://archivarius-public.s3.us-west-2.amazonaws.com/rima/print/scraped_printed_issue/1337/issue.pdf,,,,,,,,,
1250,№ 12 (228),2008-06-27 00:00:00,,https://archivarius-public.s3.us-west-2.amazonaws.com/rima/print/scraped_printed_issue/1250/issue.pdf,,,,,,,,,
1375,№ 13 (229),2008-07-11 00:00:00,,https://archivarius-public.s3.us-west-2.amazonaws.com/rima/print/scraped_printed_issue/1375/issue.pdf,,,,,,,,,
1261,№ 14 (230),2008-07-25 00:00:00,,https://archivarius-public.s3.us-west-2.amazonaws.com/rima/print/scraped_printed_issue/1261/issue.pdf,,,,,,,,,
1399,№ 15 (231),2008-08-22 00:00:00,,https://archivarius-public.s3.us-west-2.amazonaws.com/rima/print/scraped_printed_issue/1399/issue.pdf,,,,,,,,,
1279,№ 16 (232),2008-09-05 00:00:00,,https://archivarius-public.s3.us-west-2.amazonaws.com/rima/print/scraped_printed_issue/1279/issue.pdf,,,,,,,,,
1134,№ 17 (233),2008-09-19 00:00:00,,https://archivarius-public.s3.us-west-2.amazonaws.com/rima/print/scraped_printed_issue/1134/issue.pdf,,,,,,,,,
1426,№ 18 (234),2008-10-03 00:00:00,,https://archivarius-public.s3.us-west-2.amazonaws.com/rima/print/scraped_printed_issue/1426/issue.pdf,,,,,,,,,
1201,№ 19 (235),2008-10-17 00:00:00,,https://archivarius-public.s3.us-west-2.amazonaws.com/rima/print/scraped_printed_issue/1201/issue.pdf,,,,,,,,,
1251,№ 20 (236),2008-10-31 00:00:00,,https://archivarius-public.s3.us-west-2.amazonaws.com/rima/print/scraped_printed_issue/1251/issue.pdf,,,,,,,,,
1405,№ 21 (237),2008-11-14 00:00:00,,https://archivarius-public.s3.us-west-2.amazonaws.com/rima/print/scraped_printed_issue/1405/issue.pdf,,,,,,,,,
1126,№ 22 (238),2008-11-28 00:00:00,,https://archivarius-public.s3.us-west-2.amazonaws.com/rima/print/scraped_printed_issue/1126/issue.pdf,,,,,,,,,
1346,№ 23 (239),2008-12-12 00:00:00,,https://archivarius-public.s3.us-west-2.amazonaws.com/rima/print/scraped_printed_issue/1346/issue.pdf,,,,,,,,,
1272,№ 24 (240),2008-12-26 00:00:00,,https://archivarius-public.s3.us-west-2.amazonaws.com/rima/print/scraped_printed_issue/1272/issue.pdf,,,,,,,,,
1193,№ 1 (241),2009-01-23 00:00:00,,https://archivarius-public.s3.us-west-2.amazonaws.com/rima/print/scraped_printed_issue/1193/issue.pdf,,,,,,,,,
1107,№ 2 (242),2009-02-06 00:00:00,,https://archivarius-public.s3.us-west-2.amazonaws.com/rima/print/scraped_printed_issue/1107/issue.pdf,,,,,,,,,
1329,№ 3 (243),2009-02-20 00:00:00,,https://archivarius-public.s3.us-west-2.amazonaws.com/rima/print/scraped_printed_issue/1329/issue.pdf,,,,,,,,,
1344,№ 4 (244),2009-03-06 00:00:00,,https://archivarius-public.s3.us-west-2.amazonaws.com/rima/print/scraped_printed_issue/1344/issue.pdf,,,,,,,,,
1127,№ 5 (245),2009-03-20 00:00:00,,https://archivarius-public.s3.us-west-2.amazonaws.com/rima/print/scraped_printed_issue/1127/issue.pdf,,,,,,,,,
1173,№ 6 (246),2009-04-03 00:00:00,,https://archivarius-public.s3.us-west-2.amazonaws.com/rima/print/scraped_printed_issue/1173/issue.pdf,,,,,,,,,
1413,№ 7 (247),2009-04-17 00:00:00,,https://archivarius-public.s3.us-west-2.amazonaws.com/rima/print/scraped_printed_issue/1413/issue.pdf,,,,,,,,,
1398,№ 8 (248),2009-05-01 00:00:00,,https://archivarius-public.s3.us-west-2.amazonaws.com/rima/print/scraped_printed_issue/1398/issue.pdf,,,,,,,,,
1262,№ 9 (249),2009-05-15 00:00:00,,https://archivarius-public.s3.us-west-2.amazonaws.com/rima/print/scraped_printed_issue/1262/issue.pdf,,,,,,,,,
1377,№ 10 (250),2009-05-29 00:00:00,,https://archivarius-public.s3.us-west-2.amazonaws.com/rima/print/scraped_printed_issue/1377/issue.pdf,,,,,,,,,
1247,№ 11 (251),2009-06-12 00:00:00,,https://archivarius-public.s3.us-west-2.amazonaws.com/rima/print/scraped_printed_issue/1247/issue.pdf,,,,,,,,,
1150,№ 12 (252),2009-06-26 00:00:00,,https://archivarius-public.s3.us-west-2.amazonaws.com/rima/print/scraped_printed_issue/1150/issue.pdf,,,,,,,,,
1286,№ 13 (253),2009-07-10 00:00:00,,https://archivarius-public.s3.us-west-2.amazonaws.com/rima/print/scraped_printed_issue/1286/issue.pdf,,,,,,,,,
1309,№ 14 (254),2009-07-24 00:00:00,,https://archivarius-public.s3.us-west-2.amazonaws.com/rima/print/scraped_printed_issue/1309/issue.pdf,,,,,,,,,
1164,№ 15 (255),2009-08-21 00:00:00,,https://archivarius-public.s3.us-west-2.amazonaws.com/rima/print/scraped_printed_issue/1164/issue.pdf,,,,,,,,,
1213,№ 16 (256),2009-09-04 00:00:00,,https://archivarius-public.s3.us-west-2.amazonaws.com/rima/print/scraped_printed_issue/1213/issue.pdf,,,,,,,,,
1362,№ 17 (257),2009-09-18 00:00:00,,https://archivarius-public.s3.us-west-2.amazonaws.com/rima/print/scraped_printed_issue/1362/issue.pdf,,,,,,,,,
1436,№ 18 (258),2009-10-02 00:00:00,,https://archivarius-public.s3.us-west-2.amazonaws.com/rima/print/scraped_printed_issue/1436/issue.pdf,,,,,,,,,
1211,№ 19 (259),2009-10-16 00:00:00,,https://archivarius-public.s3.us-west-2.amazonaws.com/rima/print/scraped_printed_issue/1211/issue.pdf,,,,,,,,,
1163,№ 20 (260),2009-10-30 00:00:00,,https://archivarius-public.s3.us-west-2.amazonaws.com/rima/print/scraped_printed_issue/1163/issue.pdf,,,,,,,,,
1290,№ 21 (261),2009-11-13 00:00:00,,https://archivarius-public.s3.us-west-2.amazonaws.com/rima/print/scraped_printed_issue/1290/issue.pdf,,,,,,,,,
1365,№ 22 (262),2009-11-27 00:00:00,,https://archivarius-public.s3.us-west-2.amazonaws.com/rima/print/scraped_printed_issue/1365/issue.pdf,,,,,,,,,
1236,№ 23 (263),2009-12-11 00:00:00,,https://archivarius-public.s3.us-west-2.amazonaws.com/rima/print/scraped_printed_issue/1236/issue.pdf,,,,,,,,,
1256,№ 24 (264),2009-12-25 00:00:00,,https://archivarius-public.s3.us-west-2.amazonaws.com/rima/print/scraped_printed_issue/1256/issue.pdf,,,,,,,,,
1454,№ 1 (265),2010-01-22 00:00:00,,https://archivarius-public.s3.us-west-2.amazonaws.com/rima/print/scraped_printed_issue/1454/issue.pdf,,,,,,,,,
1425,№ 2 (266),2010-02-05 00:00:00,,https://archivarius-public.s3.us-west-2.amazonaws.com/rima/print/scraped_printed_issue/1425/issue.pdf,,,,,,,,,
1466,№ 3 (267),2010-02-19 00:00:00,,https://archivarius-public.s3.us-west-2.amazonaws.com/rima/print/scraped_printed_issue/1466/issue.pdf,,,,,,,,,
1476,№ 4 (268),2010-03-05 00:00:00,,https://archivarius-public.s3.us-west-2.amazonaws.com/rima/print/scraped_printed_issue/1476/issue.pdf,,,,,,,,,
1459,№ 5 (269),2010-03-19 00:00:00,,https://archivarius-public.s3.us-west-2.amazonaws.com/rima/print/scraped_printed_issue/1459/issue.pdf,,,,,,,,,
1303,№ 6 (270),2010-04-02 00:00:00,,https://archivarius-public.s3.us-west-2.amazonaws.com/rima/print/scraped_printed_issue/1303/issue.pdf,,,,,,,,,
1463,№ 7 (271),2010-04-16 00:00:00,,https://archivarius-public.s3.us-west-2.amazonaws.com/rima/print/scraped_printed_issue/1463/issue.pdf,,,,,,,,,
1471,№ 8 (272),2010-04-30 00:00:00,,https://archivarius-public.s3.us-west-2.amazonaws.com/rima/print/scraped_printed_issue/1471/issue.pdf,,,,,,,,,
1167,№ 9 (273),2010-05-14 00:00:00,,https://archivarius-public.s3.us-west-2.amazonaws.com/rima/print/scraped_printed_issue/1167/issue.pdf,,,,,,,,,
1147,№ 10 (274),2010-05-28 00:00:00,,https://archivarius-public.s3.us-west-2.amazonaws.com/rima/print/scraped_printed_issue/1147/issue.pdf,,,,,,,,,
1288,№ 11 (275),2010-06-11 00:00:00,,https://archivarius-public.s3.us-west-2.amazonaws.com/rima/print/scraped_printed_issue/1288/issue.pdf,,,,,,,,,
1380,№ 12 (276),2010-06-25 00:00:00,,https://archivarius-public.s3.us-west-2.amazonaws.com/rima/print/scraped_printed_issue/1380/issue.pdf,,,,,,,,,
1242,№ 13 (277),2010-07-09 00:00:00,,https://archivarius-public.s3.us-west-2.amazonaws.com/rima/print/scraped_printed_issue/1242/issue.pdf,,,,,,,,,
1285,№ 14 (278),2010-07-23 00:00:00,,https://archivarius-public.s3.us-west-2.amazonaws.com/rima/print/scraped_printed_issue/1285/issue.pdf,,,,,,,,,
1149,№ 15 (279),2010-08-20 00:00:00,,https://archivarius-public.s3.us-west-2.amazonaws.com/rima/print/scraped_printed_issue/1149/issue.pdf,,,,,,,,,
1316,№ 16 (280),2010-09-03 00:00:00,,https://archivarius-public.s3.us-west-2.amazonaws.com/rima/print/scraped_printed_issue/1316/issue.pdf,,,,,,,,,
1095,№ 17 (281),2010-09-17 00:00:00,,https://archivarius-public.s3.us-west-2.amazonaws.com/rima/print/scraped_printed_issue/1095/issue.pdf,,,,,,,,,
1473,№ 18 (282),2010-10-01 00:00:00,,https://archivarius-public.s3.us-west-2.amazonaws.com/rima/print/scraped_printed_issue/1473/issue.pdf,,,,,,,,,
1457,№ 19 (283),2010-10-15 00:00:00,,https://archivarius-public.s3.us-west-2.amazonaws.com/rima/print/scraped_printed_issue/1457/issue.pdf,,,,,,,,,
1467,№ 20 (284),2010-10-29 00:00:00,,https://archivarius-public.s3.us-west-2.amazonaws.com/rima/print/scraped_printed_issue/1467/issue.pdf,,,,,,,,,
1485,№ 21 (285),2010-11-12 00:00:00,,https://archivarius-public.s3.us-west-2.amazonaws.com/rima/print/scraped_printed_issue/1485/issue.pdf,,,,,,,,,
1474,№ 22 (286),2010-11-19 00:00:00,,https://archivarius-public.s3.us-west-2.amazonaws.com/rima/print/scraped_printed_issue/1474/issue.pdf,,,,,,,,,
1091,№ 23 (287),2010-12-10 00:00:00,,https://archivarius-public.s3.us-west-2.amazonaws.com/rima/print/scraped_printed_issue/1091/issue.pdf,,,,,,,,,
1483,№ 24 (288),2010-12-24 00:00:00,,https://archivarius-public.s3.us-west-2.amazonaws.com/rima/print/scraped_printed_issue/1483/issue.pdf,,,,,,,,,
1453,№ 1 (289),2011-01-21 00:00:00,,https://archivarius-public.s3.us-west-2.amazonaws.com/rima/print/scraped_printed_issue/1453/issue.pdf,,,,,,,,,
1477,№ 2 (290),2011-02-04 00:00:00,,https://archivarius-public.s3.us-west-2.amazonaws.com/rima/print/scraped_printed_issue/1477/issue.pdf,,,,,,,,,
1460,№ 3 (291),2011-02-18 00:00:00,,https://archivarius-public.s3.us-west-2.amazonaws.com/rima/print/scraped_printed_issue/1460/issue.pdf,,,,,,,,,
1266,№ 4 (292),2011-03-04 00:00:00,,https://archivarius-public.s3.us-west-2.amazonaws.com/rima/print/scraped_printed_issue/1266/issue.pdf,,,,,,,,,
1480,№ 5 (293),2011-03-18 00:00:00,,https://archivarius-public.s3.us-west-2.amazonaws.com/rima/print/scraped_printed_issue/1480/issue.pdf,,,,,,,,,
1482,№ 6 (294),2011-04-01 00:00:00,,https://archivarius-public.s3.us-west-2.amazonaws.com/rima/print/scraped_printed_issue/1482/issue.pdf,,,,,,,,,
1194,№ 7 (295),2011-04-15 00:00:00,,https://archivarius-public.s3.us-west-2.amazonaws.com/rima/print/scraped_printed_issue/1194/issue.pdf,,,,,,,,,
1431,№ 8 (296),2011-04-29 00:00:00,,https://archivarius-public.s3.us-west-2.amazonaws.com/rima/print/scraped_printed_issue/1431/issue.pdf,,,,,,,,,
1465,№ 9 (297),2011-05-13 00:00:00,,https://archivarius-public.s3.us-west-2.amazonaws.com/rima/print/scraped_printed_issue/1465/issue.pdf,,,,,,,,,
1323,№ 10 (298),2011-05-27 00:00:00,,https://archivarius-public.s3.us-west-2.amazonaws.com/rima/print/scraped_printed_issue/1323/issue.pdf,,,,,,,,,
1112,№ 11 (299),2011-06-10 00:00:00,,https://archivarius-public.s3.us-west-2.amazonaws.com/rima/print/scraped_printed_issue/1112/issue.pdf,,,,,,,,,
1138,№ 12 (300),2011-06-24 00:00:00,,https://archivarius-public.s3.us-west-2.amazonaws.com/rima/print/scraped_printed_issue/1138/issue.pdf,,,,,,,,,
1273,№ 13 (301),2011-07-08 00:00:00,,https://archivarius-public.s3.us-west-2.amazonaws.com/rima/print/scraped_printed_issue/1273/issue.pdf,,,,,,,,,
1409,№ 14 (302),2011-07-22 00:00:00,,https://archivarius-public.s3.us-west-2.amazonaws.com/rima/print/scraped_printed_issue/1409/issue.pdf,,,,,,,,,
1176,№ 15 (303),2011-08-19 00:00:00,,https://archivarius-public.s3.us-west-2.amazonaws.com/rima/print/scraped_printed_issue/1176/issue.pdf,,,,,,,,,
1226,№ 16 (304),2011-09-02 00:00:00,,https://archivarius-public.s3.us-west-2.amazonaws.com/rima/print/scraped_printed_issue/1226/issue.pdf,,,,,,,,,
1370,№ 17 (305),2011-09-16 00:00:00,,https://archivarius-public.s3.us-west-2.amazonaws.com/rima/print/scraped_printed_issue/1370/issue.pdf,,,,,,,,,
1229,№ 18 (306),2011-09-30 00:00:00,,https://archivarius-public.s3.us-west-2.amazonaws.com/rima/print/scraped_printed_issue/1229/issue.pdf,,,,,,,,,
1368,№ 19 (307),2011-10-14 00:00:00,,https://archivarius-public.s3.us-west-2.amazonaws.com/rima/print/scraped_printed_issue/1368/issue.pdf,,,,,,,,,
1253,№ 20 (308),2011-10-28 00:00:00,,https://archivarius-public.s3.us-west-2.amazonaws.com/rima/print/scraped_printed_issue/1253/issue.pdf,,,,,,,,,
1406,№ 21 (309),2011-11-11 00:00:00,,https://archivarius-public.s3.us-west-2.amazonaws.com/rima/print/scraped_printed_issue/1406/issue.pdf,,,,,,,,,
1190,№ 22 (310),2011-11-25 00:00:00,,https://archivarius-public.s3.us-west-2.amazonaws.com/rima/print/scraped_printed_issue/1190/issue.pdf,,,,,,,,,
1416,№ 23 (311),2011-12-09 00:00:00,,https://archivarius-public.s3.us-west-2.amazonaws.com/rima/print/scraped_printed_issue/1416/issue.pdf,,,,,,,,,
1287,№ 24 (312),2011-12-23 00:00:00,,https://archivarius-public.s3.us-west-2.amazonaws.com/rima/print/scraped_printed_issue/1287/issue.pdf,,,,,,,,,
1204,№ 1 (313),2012-01-27 00:00:00,,https://archivarius-public.s3.us-west-2.amazonaws.com/rima/print/scraped_printed_issue/1204/issue.pdf,,,,,,,,,
1248,№ 2 (314),2012-02-10 00:00:00,,https://archivarius-public.s3.us-west-2.amazonaws.com/rima/print/scraped_printed_issue/1248/issue.pdf,,,,,,,,,
1376,№ 3 (315),2012-02-24 00:00:00,,https://archivarius-public.s3.us-west-2.amazonaws.com/rima/print/scraped_printed_issue/1376/issue.pdf,,,,,,,,,
1333,№ 4 (316),2012-03-09 00:00:00,,https://archivarius-public.s3.us-west-2.amazonaws.com/rima/print/scraped_printed_issue/1333/issue.pdf,,,,,,,,,
1121,№ 5 (317),2012-03-23 00:00:00,,https://archivarius-public.s3.us-west-2.amazonaws.com/rima/print/scraped_printed_issue/1121/issue.pdf,,,,,,,,,
1383,№ 6 (318),2012-04-06 00:00:00,,https://archivarius-public.s3.us-west-2.amazonaws.com/rima/print/scraped_printed_issue/1383/issue.pdf,,,,,,,,,
1239,№ 7 (319),2012-04-20 00:00:00,,https://archivarius-public.s3.us-west-2.amazonaws.com/rima/print/scraped_printed_issue/1239/issue.pdf,,,,,,,,,
1297,№ 8 (320),2012-05-04 00:00:00,,https://archivarius-public.s3.us-west-2.amazonaws.com/rima/print/scraped_printed_issue/1297/issue.pdf,,,,,,,,,
1157,№ 9 (321),2012-05-18 00:00:00,,https://archivarius-public.s3.us-west-2.amazonaws.com/rima/print/scraped_printed_issue/1157/issue.pdf,,,,,,,,,
1197,№ 10 (322),2012-06-01 00:00:00,,https://archivarius-public.s3.us-west-2.amazonaws.com/rima/print/scraped_printed_issue/1197/issue.pdf,,,,,,,,,
1429,№ 11 (323),2012-06-15 00:00:00,,https://archivarius-public.s3.us-west-2.amazonaws.com/rima/print/scraped_printed_issue/1429/issue.pdf,,,,,,,,,
1397,№ 12 (324),2012-06-29 00:00:00,,https://archivarius-public.s3.us-west-2.amazonaws.com/rima/print/scraped_printed_issue/1397/issue.pdf,,,,,,,,,
1260,№ 13 (325),2012-07-13 00:00:00,,https://archivarius-public.s3.us-west-2.amazonaws.com/rima/print/scraped_printed_issue/1260/issue.pdf,,,,,,,,,
1124,№ 14 (326),2012-07-27 00:00:00,,https://archivarius-public.s3.us-west-2.amazonaws.com/rima/print/scraped_printed_issue/1124/issue.pdf,,,,,,,,,
1353,№ 15 (327),2012-08-24 00:00:00,,https://archivarius-public.s3.us-west-2.amazonaws.com/rima/print/scraped_printed_issue/1353/issue.pdf,,,,,,,,,
1265,№ 16 (328),2012-09-07 00:00:00,,https://archivarius-public.s3.us-west-2.amazonaws.com/rima/print/scraped_printed_issue/1265/issue.pdf,,,,,,,,,
1391,№ 17 (329),2012-09-21 00:00:00,,https://archivarius-public.s3.us-west-2.amazonaws.com/rima/print/scraped_printed_issue/1391/issue.pdf,,,,,,,,,
1340,№ 18 (330),2012-10-05 00:00:00,,https://archivarius-public.s3.us-west-2.amazonaws.com/rima/print/scraped_printed_issue/1340/issue.pdf,,,,,,,,,
1115,№ 19 (331),2012-10-19 00:00:00,,https://archivarius-public.s3.us-west-2.amazonaws.com/rima/print/scraped_printed_issue/1115/issue.pdf,,,,,,,,,
1168,№ 20 (332),2012-11-02 00:00:00,,https://archivarius-public.s3.us-west-2.amazonaws.com/rima/print/scraped_printed_issue/1168/issue.pdf,,,,,,,,,
1305,№ 21 (333),2012-11-16 00:00:00,,https://archivarius-public.s3.us-west-2.amazonaws.com/rima/print/scraped_printed_issue/1305/issue.pdf,,,,,,,,,
1339,№ 22 (334),2012-11-30 00:00:00,,https://archivarius-public.s3.us-west-2.amazonaws.com/rima/print/scraped_printed_issue/1339/issue.pdf,,,,,,,,,
1117,№ 23 (335),2012-12-14 00:00:00,,https://archivarius-public.s3.us-west-2.amazonaws.com/rima/print/scraped_printed_issue/1117/issue.pdf,,,,,,,,,
1244,№ 24 (336),2012-12-28 00:00:00,,https://archivarius-public.s3.us-west-2.amazonaws.com/rima/print/scraped_printed_issue/1244/issue.pdf,,,,,,,,,
1310,№ 1 (337),2013-01-25 00:00:00,,https://archivarius-public.s3.us-west-2.amazonaws.com/rima/print/scraped_printed_issue/1310/issue.pdf,,,,,,,,,
1216,№ 2 (338),2013-02-08 00:00:00,,https://archivarius-public.s3.us-west-2.amazonaws.com/rima/print/scraped_printed_issue/1216/issue.pdf,,,,,,,,,
1360,№ 3 (339),2013-02-22 00:00:00,,https://archivarius-public.s3.us-west-2.amazonaws.com/rima/print/scraped_printed_issue/1360/issue.pdf,,,,,,,,,
1448,№ 4 (340),2013-03-08 00:00:00,,https://archivarius-public.s3.us-west-2.amazonaws.com/rima/print/scraped_printed_issue/1448/issue.pdf,,,,,,,,,
1205,№ 5 (341),2013-03-22 00:00:00,,https://archivarius-public.s3.us-west-2.amazonaws.com/rima/print/scraped_printed_issue/1205/issue.pdf,,,,,,,,,
1094,№ 6 (342),2013-04-05 00:00:00,,https://archivarius-public.s3.us-west-2.amazonaws.com/rima/print/scraped_printed_issue/1094/issue.pdf,,,,,,,,,
1318,№ 7 (343),2013-04-19 00:00:00,,https://archivarius-public.s3.us-west-2.amazonaws.com/rima/print/scraped_printed_issue/1318/issue.pdf,,,,,,,,,
1249,№ 8 (344),2013-05-03 00:00:00,,https://archivarius-public.s3.us-west-2.amazonaws.com/rima/print/scraped_printed_issue/1249/issue.pdf,,,,,,,,,
1374,№ 9 (345),2013-05-17 00:00:00,,https://archivarius-public.s3.us-west-2.amazonaws.com/rima/print/scraped_printed_issue/1374/issue.pdf,,,,,,,,,
1332,№ 10 (346),2013-05-31 00:00:00,,https://archivarius-public.s3.us-west-2.amazonaws.com/rima/print/scraped_printed_issue/1332/issue.pdf,,,,,,,,,
1122,№ 11 (347),2013-06-14 00:00:00,,https://archivarius-public.s3.us-west-2.amazonaws.com/rima/print/scraped_printed_issue/1122/issue.pdf,,,,,,,,,
1382,№ 12 (348),2013-06-28 00:00:00,,https://archivarius-public.s3.us-west-2.amazonaws.com/rima/print/scraped_printed_issue/1382/issue.pdf,,,,,,,,,
1243,№ 13 (349),2013-07-12 00:00:00,,https://archivarius-public.s3.us-west-2.amazonaws.com/rima/print/scraped_printed_issue/1243/issue.pdf,,,,,,,,,
1387,№ 14 (350),2013-07-26 00:00:00,,https://archivarius-public.s3.us-west-2.amazonaws.com/rima/print/scraped_printed_issue/1387/issue.pdf,,,,,,,,,
1268,№ 15 (351),2013-08-09 00:00:00,,https://archivarius-public.s3.us-west-2.amazonaws.com/rima/print/scraped_printed_issue/1268/issue.pdf,,,,,,,,,
1141,№ 16 (352),2013-09-06 00:00:00,,https://archivarius-public.s3.us-west-2.amazonaws.com/rima/print/scraped_printed_issue/1141/issue.pdf,,,,,,,,,
1270,№ 17 (353),2013-09-20 00:00:00,,https://archivarius-public.s3.us-west-2.amazonaws.com/rima/print/scraped_printed_issue/1270/issue.pdf,,,,,,,,,
1195,№ 18 (354),2013-10-04 00:00:00,,https://archivarius-public.s3.us-west-2.amazonaws.com/rima/print/scraped_printed_issue/1195/issue.pdf,,,,,,,,,
1432,№ 19 (355),2013-10-18 00:00:00,,https://archivarius-public.s3.us-west-2.amazonaws.com/rima/print/scraped_printed_issue/1432/issue.pdf,,,,,,,,,
1392,№ 20 (356),2013-11-01 00:00:00,,https://archivarius-public.s3.us-west-2.amazonaws.com/rima/print/scraped_printed_issue/1392/issue.pdf,,,,,,,,,
1264,№ 21 (357),2013-11-15 00:00:00,,https://archivarius-public.s3.us-west-2.amazonaws.com/rima/print/scraped_printed_issue/1264/issue.pdf,,,,,,,,,
1354,№ 22 (358),2013-11-29 00:00:00,,https://archivarius-public.s3.us-west-2.amazonaws.com/rima/print/scraped_printed_issue/1354/issue.pdf,,,,,,,,,
1123,№ 23 (359),2013-12-13 00:00:00,,https://archivarius-public.s3.us-west-2.amazonaws.com/rima/print/scraped_printed_issue/1123/issue.pdf,,,,,,,,,
1166,№ 24 (360),2013-12-27 00:00:00,,https://archivarius-public.s3.us-west-2.amazonaws.com/rima/print/scraped_printed_issue/1166/issue.pdf,,,,,,,,,
1423,№ 1 (361),2014-01-24 00:00:00,,https://archivarius-public.s3.us-west-2.amazonaws.com/rima/print/scraped_printed_issue/1423/issue.pdf,,,,,,,,,
1341,№ 2 (362),2014-02-07 00:00:00,,https://archivarius-public.s3.us-west-2.amazonaws.com/rima/print/scraped_printed_issue/1341/issue.pdf,,,,,,,,,
1114,№ 3 (363),2014-02-21 00:00:00,,https://archivarius-public.s3.us-west-2.amazonaws.com/rima/print/scraped_printed_issue/1114/issue.pdf,,,,,,,,,
1096,№ 4 (364),2014-03-07 00:00:00,,https://archivarius-public.s3.us-west-2.amazonaws.com/rima/print/scraped_printed_issue/1096/issue.pdf,,,,,,,,,
1315,№ 5 (365),2014-03-21 00:00:00,,https://archivarius-public.s3.us-west-2.amazonaws.com/rima/print/scraped_printed_issue/1315/issue.pdf,,,,,,,,,
1443,№ 6 (366),2014-04-04 00:00:00,,https://archivarius-public.s3.us-west-2.amazonaws.com/rima/print/scraped_printed_issue/1443/issue.pdf,,,,,,,,,
1208,№ 7 (367),2014-04-18 00:00:00,,https://archivarius-public.s3.us-west-2.amazonaws.com/rima/print/scraped_printed_issue/1208/issue.pdf,,,,,,,,,
1217,№ 8 (368),2014-05-02 00:00:00,,https://archivarius-public.s3.us-west-2.amazonaws.com/rima/print/scraped_printed_issue/1217/issue.pdf,,,,,,,,,
1359,№ 9 (369),2014-05-16 00:00:00,,https://archivarius-public.s3.us-west-2.amazonaws.com/rima/print/scraped_printed_issue/1359/issue.pdf,,,,,,,,,
1233,№ 10 (370),2014-05-30 00:00:00,,https://archivarius-public.s3.us-west-2.amazonaws.com/rima/print/scraped_printed_issue/1233/issue.pdf,,,,,,,,,
1366,№ 11 (371),2014-06-13 00:00:00,,https://archivarius-public.s3.us-west-2.amazonaws.com/rima/print/scraped_printed_issue/1366/issue.pdf,,,,,,,,,
1298,№ 12 (372),2014-06-27 00:00:00,,https://archivarius-public.s3.us-west-2.amazonaws.com/rima/print/scraped_printed_issue/1298/issue.pdf,,,,,,,,,
1156,№ 13 (373),2014-07-11 00:00:00,,https://archivarius-public.s3.us-west-2.amazonaws.com/rima/print/scraped_printed_issue/1156/issue.pdf,,,,,,,,,
1132,№ 14 (374),2014-07-25 00:00:00,,https://archivarius-public.s3.us-west-2.amazonaws.com/rima/print/scraped_printed_issue/1132/issue.pdf,,,,,,,,,
1280,№ 15 (375),2014-08-22 00:00:00,,https://archivarius-public.s3.us-west-2.amazonaws.com/rima/print/scraped_printed_issue/1280/issue.pdf,,,,,,,,,
1403,№ 16 (376),2014-09-05 00:00:00,,https://archivarius-public.s3.us-west-2.amazonaws.com/rima/print/scraped_printed_issue/1403/issue.pdf,,,,,,,,,
1255,№ 17 (377),2014-09-19 00:00:00,,https://archivarius-public.s3.us-west-2.amazonaws.com/rima/print/scraped_printed_issue/1255/issue.pdf,,,,,,,,,
1174,№ 18 (378),2014-10-03 00:00:00,,https://archivarius-public.s3.us-west-2.amazonaws.com/rima/print/scraped_printed_issue/1174/issue.pdf,,,,,,,,,
1411,№ 19 (379),2014-10-17 00:00:00,,https://archivarius-public.s3.us-west-2.amazonaws.com/rima/print/scraped_printed_issue/1411/issue.pdf,,,,,,,,,
1461,№ 20 (380),2014-10-31 00:00:00,,https://archivarius-public.s3.us-west-2.amazonaws.com/rima/print/scraped_printed_issue/1461/issue.pdf,,,,,,,,,
1342,№ 21 (381),2014-11-14 00:00:00,,https://archivarius-public.s3.us-west-2.amazonaws.com/rima/print/scraped_printed_issue/1342/issue.pdf,,,,,,,,,
1410,№ 22 (382),2014-11-28 00:00:00,,https://archivarius-public.s3.us-west-2.amazonaws.com/rima/print/scraped_printed_issue/1410/issue.pdf,,,,,,,,,
1175,№ 23 (383),2014-12-12 00:00:00,,https://archivarius-public.s3.us-west-2.amazonaws.com/rima/print/scraped_printed_issue/1175/issue.pdf,,,,,,,,,
1464,№ 24 (384),2014-12-26 00:00:00,,https://archivarius-public.s3.us-west-2.amazonaws.com/rima/print/scraped_printed_issue/1464/issue.pdf,,,,,,,,,
1470,№ 1 (385),2015-01-31 00:00:00,,https://archivarius-public.s3.us-west-2.amazonaws.com/rima/print/scraped_printed_issue/1470/issue.pdf,,,,,,,,,
1389,№ 2 (386),2015-02-13 00:00:00,,https://archivarius-public.s3.us-west-2.amazonaws.com/rima/print/scraped_printed_issue/1389/issue.pdf,,,,,,,,,
1267,№ 3 (387),2015-02-27 00:00:00,,https://archivarius-public.s3.us-west-2.amazonaws.com/rima/print/scraped_printed_issue/1267/issue.pdf,,,,,,,,,
1522,№ 5 (389),2015-03-27 00:00:00,,https://archivarius-public.s3.us-west-2.amazonaws.com/rima/print/scraped_printed_issue/1522/issue.pdf,,,,,,,,,
1539,№ 6 (390),2015-04-27 00:00:00,,https://archivarius-public.s3.us-west-2.amazonaws.com/rima/print/scraped_printed_issue/1539/issue.pdf,,,,,,,,,
1540,№ 8 (392),2015-06-26 00:00:00,,https://archivarius-public.s3.us-west-2.amazonaws.com/rima/print/scraped_printed_issue/1540/issue.pdf,,,,,,,,,
1517,№ 10 (394),2015-08-28 00:00:00,,https://archivarius-public.s3.us-west-2.amazonaws.com/rima/print/scraped_printed_issue/1517/issue.pdf,,,,,,,,,
1549,№ 12 (396),2015-10-29 00:00:00,,https://archivarius-public.s3.us-west-2.amazonaws.com/rima/print/scraped_printed_issue/1549/issue.pdf,,,,,,,,,
1331,№ 13–14 (397–398),2015-11-27 00:00:00,,https://archivarius-public.s3.us-west-2.amazonaws.com/rima/print/scraped_printed_issue/1331/issue.pdf,,,,,,,,,